-- phpMyAdmin SQL Dump
-- version 4.0.9
-- http://www.phpmyadmin.net
--
-- Host: localhost
-- Generation Time: Jan 04, 2018 at 09:34 AM
-- Server version: 5.5.54-0ubuntu0.14.04.1
-- PHP Version: 5.5.9-1ubuntu4.21

SET SQL_MODE = "NO_AUTO_VALUE_ON_ZERO";
SET time_zone = "+00:00";


/*!40101 SET @OLD_CHARACTER_SET_CLIENT=@@CHARACTER_SET_CLIENT */;
/*!40101 SET @OLD_CHARACTER_SET_RESULTS=@@CHARACTER_SET_RESULTS */;
/*!40101 SET @OLD_COLLATION_CONNECTION=@@COLLATION_CONNECTION */;
/*!40101 SET NAMES utf8 */;

--
-- Database: `satit_DB`
--

-- --------------------------------------------------------

--
-- Table structure for table `news`
--

CREATE TABLE IF NOT EXISTS `news` (
  `news_id` int(11) NOT NULL AUTO_INCREMENT,
  `news_name` varchar(255) COLLATE utf8_unicode_ci NOT NULL,
  `news_title` text COLLATE utf8_unicode_ci NOT NULL,
  `news_detail` text COLLATE utf8_unicode_ci NOT NULL,
  `news_images` varchar(100) COLLATE utf8_unicode_ci NOT NULL,
  `news_type` enum('news','event') COLLATE utf8_unicode_ci NOT NULL,
  `news_date` timestamp NOT NULL DEFAULT CURRENT_TIMESTAMP,
  `news_status` int(11) NOT NULL,
  `news_view` int(11) NOT NULL DEFAULT '1',
  PRIMARY KEY (`news_id`)
) ENGINE=InnoDB  DEFAULT CHARSET=utf8 COLLATE=utf8_unicode_ci AUTO_INCREMENT=42 ;

--
-- Dumping data for table `news`
--

INSERT INTO `news` (`news_id`, `news_name`, `news_title`, `news_detail`, `news_images`, `news_type`, `news_date`, `news_status`, `news_view`) VALUES
(16, 'ได้ฤกษ์ดี ลงเสาเอก โรงเรียนสาธิตมหาวิทยาลัยราชภัฎลำปาง', 'ได้ฤกษ์ดี ลงเสาเอก โรงเรียนสาธิตมหาวิทยาลัยราชภัฎลำปาง', '<p>โรงเรียนสาธิตมหาวิทยาลัยราชภัฏลำปาง ได้ฤกษ์ดี ลงเสาเอก โรงเรียนสาธิตมหาวิทยาลัยราชภัฎลำปาง อีก 9 เดือน อาคารหลังนี้ก็จะเสร็จ และเปิดทำการ ให้น้องๆ อนุบาล 1 และอนุบาล 2 จะได้ย้ายมาเข้าอยู่บ้านใหม่ ในวันที่ 5 ธันวาคม 2560</p>\r\n', '399511509439413.jpg', 'event', '2017-10-31 08:43:33', 0, 10),
(17, 'กิจกรรม English Club ประสบการณ์เรียนรู้ ให้กับนักเรียนโรงเรียนสาธิตมหาวิทยาลัยราชภัฏลำปาง', 'ในการจัดประสบการณ์เรียนรู้ ให้กับนักเรียนโรงเรียนสาธิตมหาวิทยาลัยราชภัฏลำปาง ในทุกๆสัปดาห์ จะมีกิจกรรม English Club ขึ้น ซึ่งเป็นอีกหนึ่งกิจกรรมที่ทางโรงเรียนส่งเสริมให้กับนักเรียน ได้เรียนรู้ภาษาอังกฤษอย่างสนุกสนาน และมีความสุขไปพร้อมๆกับการเรียนรู้ โดยมีอาจารย์ประนอม วงศ์หมื่นรัตน์ รองผู้อำนวยการโรงเรียนฯ และอาสาสมัครจากประเทศสหรัฐอเมริกา มาร่วมจัดกิจกรรมให้กับเด็กๆ', '<p>ในการจัดประสบการณ์เรียนรู้ ให้กับนักเรียนโรงเรียนสาธิตมหาวิทยาลัยราชภัฏลำปาง ในทุกๆสัปดาห์ จะมีกิจกรรม English Club ขึ้น ซึ่งเป็นอีกหนึ่งกิจกรรมที่ทางโรงเรียนส่งเสริมให้กับนักเรียน ได้เรียนรู้ภาษาอังกฤษอย่างสนุกสนาน และมีความสุขไปพร้อมๆกับการเรียนรู้ โดยมีอาจารย์ประนอม วงศ์หมื่นรัตน์ รองผู้อำนวยการโรงเรียนฯ และอาสาสมัครจากประเทศสหรัฐอเมริกา มาร่วมจัดกิจกรรมให้กับเด็กๆ</p>\r\n', '108531509439574.jpg', 'event', '2017-10-31 08:46:14', 0, 15),
(18, '"พิธีมอบตัวเป็นศิษย์โรงเรียนสาธิตมหาวิทยาลัยราชภัฏลำปาง" "จากอ้อมอกพ่อแม่ จากเตรียมอนุบาลสู่อนุบาล มีสิ่งใหม่ๆ', '"พิธีมอบตัวเป็นศิษย์โรงเรียนสาธิตมหาวิทยาลัยราชภัฏลำปาง"\r\n"จากอ้อมอกพ่อแม่ จากเตรียมอนุบาลสู่อนุบาล มีสิ่งใหม่ๆ', '<p>เมื่อวันที่ 6 กรกฎาคม 2560 โรงเรียนสาธิตมหาวิทยาลัยราชภัฏลำปาง แผนกอนุบาล ได้จัด &quot;พิธีมอบตัวเป็นศิษย์โรงเรียนสาธิตมหาวิทยาลัยราชภัฏลำปาง&quot;<br />\r\n&quot;จากอ้อมอกพ่อแม่ จากเตรียมอนุบาลสู่อนุบาล มีสิ่งใหม่ๆ ที่รอเด็กๆอยู่ข้างหน้า ปรับตัว เตรียมตัวกับพื้นที่ใหม่ กับผู้คนใหม่ๆ และเพื่อนใหม่ ๆ เพื่อเตรียมพร้อมกับการเรียนรู้ ที่กำลังจะเริ่มขึ้นในอีกไม่ช้า ขอต้อนรับเด็กๆ ทุกคนสู่อนุบาลโรงเรียนสาธิตมหาวิทยาลัยราชภัฏลำปาง&nbsp;<br />\r\nโอวาทจากผู้อำนวยการโรงเรียนสาธิตฯ</p>\r\n', '6978541509439632.jpg', 'event', '2017-10-31 08:47:12', 0, 6),
(19, 'โรงเรียนสาธิตมหาวิทยาลัยราชภัฏลำปาง จัดโครงการเทียนน้อยเข้าพรรษาขึ้น เมื่อวันที่ 7 กรกฎาคม 2560', 'โรงเรียนสาธิตมหาวิทยาลัยราชภัฏลำปาง จัดโครงการเทียนน้อยเข้าพรรษาขึ้น เมื่อวันที่ 7 กรกฎาคม 2560', '<p>โรงเรียนสาธิตมหาวิทยาลัยราชภัฏลำปาง จัดโครงการเทียนน้อยเข้าพรรษาขึ้น เมื่อวันที่ 7 กรกฎาคม 2560 โดยมีนักเรียนแผนกเตรียมอนุบาล และแผนกอนุบาล เข้าร่วมกิจกรรม ณ ศาลาพระพุทธพิทยาจารย์ สวนสามสอ มหาวิทยาลัยราชภัฏลำปาง โดยมีวัตถุประสงค์&nbsp;<br />\r\n1. เพื่อดำรงรักษาไว้ซึ่งศิลปวัฒนธรรมประเพณีอันดีงาม<br />\r\n2. เพื่อส่งเสริมและอนุรักษ์ประเพณีและวัฒนธรรมอันดีงามให้อยู่คู่คนไทยตลอดไป<br />\r\n3. เพื่อปลูกฝังคุณธรรม จริยธรรม ให้แก่นักเรียนโรงเรียนสาธิตมหาวิทยาลัยราชภัฏลำปาง</p>\r\n', '8999911509439687.jpg', 'event', '2017-10-31 08:48:07', 0, 5),
(20, 'กิจกรรมสำรวจสิ่งแวดล้อมรอบๆ โรงเรียนสาธิตมหาวิทยาลัยราชภัฏลำปาง', 'กิจกรรมสำรวจสิ่งแวดล้อมรอบๆ โรงเรียนสาธิตมหาวิทยาลัยราชภัฏลำปาง', '<p>กิจกรรมสำรวจสิ่งแวดล้อมรอบๆ โรงเรียนสาธิตมหาวิทยาลัยราชภัฏลำปาง</p>\r\n', '3754011509439803.jpg', 'event', '2017-10-31 08:50:02', 0, 8),
(21, 'กิจกรรมพานักเรียน โรงเรียนสาธิตมหาวิทยาลัยราชภัฏลำปาง นั่งรถรางชมสิ่งแวดล้อมบริเวณรอบๆ มหาวิทยาลัยราชภัฏลำปาง', 'กิจกรรมพานักเรียน โรงเรียนสาธิตมหาวิทยาลัยราชภัฏลำปาง นั่งรถรางชมสิ่งแวดล้อมบริเวณรอบๆ มหาวิทยาลัยราชภัฏลำปาง', '<p>โรงเรียนสาธิตมหาวิทยาลัยราชภัฏลำปาง ขอขอบคุณผศ.ดร.ณัฐวุฒิ ปัญญา รองคณบดีคณะวิทยาการจัดการ ที่ติดต่อประสานงานให้นักเรียน ได้นั่งรถรางชมสิ่งแวดล้อมบริเวณรอบๆ มหาวิทยาลัยราชภัฏลำปาง 02/08/2560 ทางโรงเรียนขอขอบคุณมา ณ ที่นี้</p>\r\n', '5227381509439919.jpg', 'event', '2017-10-31 08:51:58', 0, 28),
(22, 'จัดกิจกรรมพละศึกษา เพื่อเสริมสร้างสมรรถนะทางด้านร่างกาย ให้นักเรียนโรงเรียนสาธิตมหาวิทยาลัยราชภัฏลำปาง', 'จัดกิจกรรมพละศึกษา เพื่อเสริมสร้างสมรรถนะทางด้านร่างกาย ให้นักเรียนโรงเรียนสาธิตมหาวิทยาลัยราชภัฏลำปาง', '<p>ในทุกๆ สัปดาห์ โรงเรียนสาธิตมหาวิทยาลัยราชภัฏลำปาง ได้จัดกิจกรรมพละศึกษา เพื่อเสริมสร้างสมรรถนะทางด้านร่างกาย ให้นักเรียนให้มีร่างกายที่แข็งแรง สมบูรณ์ เหมาะสมตามวัย โดยมีอาจารย์อุดมรัตน์ มะโนสร้อย เป็นครูผู้ดำเนินกิจกรรม</p>\r\n', '9176711509440256.jpg', 'event', '2017-10-31 08:57:36', 0, 46),
(23, 'หน่วยอาชีพที่หนูอยากเป็น จากประสบการณ์เดิมของเด็กๆ ที่รู้จักอาชีพของผู้ปกครอง อาชีพในชุมชน', 'หน่วยอาชีพที่หนูอยากเป็น จากประสบการณ์เดิมของเด็กๆ ที่รู้จักอาชีพของผู้ปกครอง อาชีพในชุมชน', '<p>หน่วยอาชีพที่หนูอยากเป็น จากประสบการณ์เดิมของเด็กๆ ที่รู้จักอาชีพของผู้ปกครอง อาชีพในชุมชน เชื่อมโยงสู่การเรียนรู้อาชีพที่หนูอยากเป็น เด็กๆ ได้เรียนรู้จักอาชีพต่างๆ ในชุมชน ได้สำรวจและศึกษาอาชีพบริเวณรอบๆโรงเรียน ทั้งยังได้แสดงบทบาทสมมติเกี่ยวกับอาชีพนั้นๆ เด็กๆ สามารถบอกอาชีพที่อยากเป็น ลักษณะของคนที่ประกอบอาชีพนั้นๆ และสามารถเล่าเรื่องเกี่ยวกับอาชีพที่ตนเองรู้จักได้อย่างน่ารัก เหมาะสมกับวัย</p>\r\n', '4803821509440408.jpg', 'event', '2017-10-31 09:00:07', 0, 97),
(24, 'เด็กนักเรียนโรงเรียนสาธิต มหาวิทยาลัยราชภัฏลำปาง เข้าร่วมพิธีไหว้ครู ประจำปีการศึกษา 2560', 'เด็กนักเรียนโรงเรียนสาธิต มหาวิทยาลัยราชภัฏลำปาง เข้าร่วมพิธีไหว้ครู ประจำปีการศึกษา 2560', '<p>(27 ก.ค.60) โรงเรียนสาธิต มหาวิทยาลัยราชภัฏลำปาง นำเด็กนักเรียนระดับชั้นอนุบาล 1 และอนุบาล 2 เข้าร่วมพิธีไหว้ครู ประจำปีการศึกษา 2560 ร่วมกับนักศึกษา มหาวิทยาลัยราชภัฏลำปาง ระดับปริญญาตรี ชั้นปีที่ 1 โดยมีรองศาสตราจารย์ ดร.สมเกียรติ สายธนู อธิการบดีมหาวิทยาลัยราชภัฏลำปาง เป็นประธานในพิธีไหว้ครู ประจำปีการศึกษา 2560 ณ หอประชุมใหญ่ มหาวิทยาลัยราชภัฏลำปาง<br />\r\nสำหรับโรงเรียนสาธิต มหาวิทยาลัยราชภัฏลำปาง เป็นหน่วยงานหนึ่งของมหาวิทยาลัยราชภัฏลำปาง สังกัดคณะครุศาสตร์ ปัจจุบันมีผู้ช่วยศาสตราจารย์ ดร.ดวงจันทร์ เดี่ยววิไล เป็นผู้อำนวยการโรงเรียน เปิดการเรียนการสอนในระดับชั้นอนุบาล 1 และมัธยมศึกษาชั้นปีที่ 4 ปี โดยพันธกิจ ดังนี้ 1.เป็นแหล่งวิจัยและพัฒนาการเรียนการสอน 2.เป็นโรงเรียนต้นแบบการเรียนการสอนที่มีคุณภาพ<br />\r\n3.เป็นแหล่งศึกษา พัฒนาหลักสูตร และสาธิตการใช้หลักสูตร การเรียนการสอนนวัตกรรมทางการศึกษา การวัดและประเมินผลผู้เรียน 4.เป็นสถานศึกษาที่ปฏิบัติงานด้านฝึกประสบการณ์วิชาชีพของคณะครุศาสตร์ และคณะอื่นๆ 5.เป็นแบบอย่างที่ดีในด้านการจัดการเรียนการสอนและการบริหารโรงเรียน<br />\r\n6.บริการด้านการศึกษาแก่บุตรของบุคลากร มหาวิทยาลัยราชภัฏลำปาง ชุมชน และท้องถิ่น 7.ส่งเสริม ทำนุบำรุงศิลปวัฒนธรรม บริการวิชาการแก่ชุมชนและสังคม</p>\r\n', '4422281509440456.jpg', 'event', '2017-10-31 09:00:56', 0, 74),
(25, 'โรงเรียนสาธิตมหาวิทยาลัยราชภัฏลำปาง ปฐมนิเทศผู้ปกครองนักเรียน และจัดกิจกรรมวันแม่แห่งชาติ “น้อมใจบูชาแม่” เพื่อระลึกถึงพระมหากรุณาธิคุณของแม่', 'โรงเรียนสาธิตมหาวิทยาลัยราชภัฏลำปาง ปฐมนิเทศผู้ปกครองนักเรียน และจัดกิจกรรมวันแม่แห่งชาติ “น้อมใจบูชาแม่” เพื่อระลึกถึงพระมหากรุณาธิคุณของแม่', '<p>โรงเรียนสาธิตมหาวิทยาลัยราชภัฏลำปาง ปฐมนิเทศผู้ปกครองนักเรียน และจัดกิจกรรมวันแม่แห่งชาติ &ldquo;น้อมใจบูชาแม่&rdquo; เพื่อระลึกถึงพระมหากรุณาธิคุณของแม่</p>\r\n', '5346271509440496.jpg', 'event', '2017-10-31 09:01:36', 0, 48),
(26, 'จัดกิจกรรมการเรียนรู้เรื่อง “การเรียนรู้ผ่านการเล่นสีน้ำ” ให้กับนักเรียนและคณะครู แผนกอนุบาล โรงเรียนสาธิตมหาวิทยาลัยราชภัฏลำปาง', 'จัดกิจกรรมการเรียนรู้เรื่อง “การเรียนรู้ผ่านการเล่นสีน้ำ” ให้กับนักเรียนและคณะครู แผนกอนุบาล โรงเรียนสาธิตมหาวิทยาลัยราชภัฏลำปาง', '<p>โรงเรียนสาธิตมหาวิทยาลัยราชภัฏลำปาง ขอขอบพระคุณ คณะมนุษยศาสตร์และสังคมศาสตร์ มหาวิทยาลัยราชภัฏลำปาง ที่อนุเคราะห์ให้อาจารย์นันทิยา สมสรวย และอาจารย์วราภรณ์ ภูมลี อาจารย์ประจำสาขาวิชาศิลปะและการออกแบบ จัดกิจกรรมการเรียนรู้เรื่อง &ldquo;การเรียนรู้ผ่านการเล่นสีน้ำ&rdquo; ให้กับนักเรียนและคณะครู แผนกอนุบาล ในวันอังคารที่ ๕ กันยายน ๒๕๖๐ เวลา ๐๙.๐๐ &ndash; ๑๒.๐๐ น. ณ แผนกอนุบาล เด็กๆ มีความสุข และสนุกไปพร้อมๆกับการเรียนรู้ ทางโรงเรียนจึงขอขอบพระคุณมา ณ โอกาสนี้</p>\r\n', '482571509440646.jpg', 'event', '2017-10-31 09:04:05', 0, 40),
(27, 'จัดกิจกรรม Cool Day เจ๋ง จ๊าบ แจ๋ว ของลูกๆ เด็กๆและคุณครูได้รับการสนับสนุนและกำลังใจที่ดีจากผู้ปกครองได้ทำกิจกรรมร่วมกัน', 'จัดกิจกรรม Cool Day เจ๋ง จ๊าบ แจ๋ว ของลูกๆ เด็กๆและคุณครูได้รับการสนับสนุนและกำลังใจที่ดีจากผู้ปกครองได้ทำกิจกรรมร่วมกัน', '<p>(6 ตุลาคม 2560) โรงเรียนต้องขอขอบพระคุณผู้ปกครองนักเรียนระดับชั้นอนุบาล 1 และ 2 ทุกท่าน ที่มาร่วมกิจกรรม Cool Day เจ๋ง จ๊าบ แจ๋ว ของลูกๆ เด็กๆและคุณครูได้รับการสนับสนุนและกำลังใจที่ดีจากผู้ปกครองได้ทำกิจกรรมร่วมกัน รับประทานอาหารร่วมกันในบรรยากาศครอบครัว นับว่าเป็นการเรียนรู้และประสบการณ์ที่ดีอย่างหนึ่งที่มอบให้กับลูกหลานของท่าน ทางโรงเรียนสาธิตมหาวิทยาลัยราชภัฏลำปางต้องขอขอบพระคุณและหวังในความร่วมแรงร่วมใจในครั้งต่อๆไป ด้วยความขอบคุณยิ่ง แล้วพบกันใหม่ในภาคเรียนที่ 2 วันที่ 30 ตุลาคม 2560 นะครับ</p>\r\n', '8923651509440836.jpg', 'event', '2017-10-31 09:07:16', 0, 115),
(28, 'คณะครูร่วมกันปรับภูมิทัศน์ ตัดหญ้า ปลูกดอกดาวเรือง จำนวน 124 ต้น บริเวณหน้าโรงเรียนสาธิตฯ แผนกเตรียมอนุบาลและแผนกอนุบาล เพื่อถวายความจงรักภักดีและน้อมรำลึกถึงองค์พระบาทสมเด็จพระปรมินทรมหาภูมิพลอดุลยเดชฯ ', 'คณะครูร่วมกันปรับภูมิทัศน์ ตัดหญ้า ปลูกดอกดาวเรือง จำนวน 124 ต้น บริเวณหน้าโรงเรียนสาธิตฯ แผนกเตรียมอนุบาลและแผนกอนุบาล เพื่อถวายความจงรักภักดีและน้อมรำลึกถึงองค์พระบาทสมเด็จพระปรมินทรมหาภูมิพลอดุลยเดชฯ ', '<p>วันนี้โรงเรียนสาธิตฯ นำโดยท่าน ผอ. คณะครู และ คุณชวนชื่น เดี่ยววิไล ข้าราชการเกษียน ศูนย์วิจัยและพัฒนาภาคเหนือ กรมวิชาการกระทรวงเกษตร พร้อมเพื่อนและเจ้าหน้าที่ ได้มาร่วมกันปรับภูมิทัศน์ ตัดหญ้า ปลูกดอกดาวเรือง จำนวน 124 ต้น บริเวณหน้าโรงเรียนสาธิตฯ แผนกเตรียมอนุบาลและแผนกอนุบาล เพื่อถวายความจงรักภักดีและน้อมรำลึกถึงองค์พระบาทสมเด็จพระปรมินทรมหาภูมิพลอดุลยเดชฯ&nbsp;<br />\r\nทางโรงเรียนสาธิตฯ ต้องขอขอบคุณคุณชวนชื่น เดี่ยววิไล และคณะเป็นอย่างยิ่งที่ให้ความอนุเคราะห์ในการเพาะพันธุ์เมล็ดพันธุ์ต้นดอกดาวเรือง พร้อมพาคนงานมาช่วยถากถางหญ้า ตัดหญ้า ปลูกดอกดาวเรือง พร้อมใส่ปุ๋ย และยาฆ่าเชื้อราให้เรียบร้อย สวยงาม และเป็นระเบียบงามตา</p>\r\n', '3432391509440939.jpg', 'event', '2017-10-31 09:08:59', 0, 79),
(29, 'กองพัฒนานักศึกษาและโรงเรียนสาธิตมหาวิทยาลัยราชภัฏลำปาง ร่วมกับภาคีเครือข่าย ร่วมลงนามบันทึกข้อตกลง (MOU) "ราชภัฏลำปางห่วงใย สวมหมวกนิรภัยให้น้อง"', 'กองพัฒนานักศึกษาและโรงเรียนสาธิตมหาวิทยาลัยราชภัฏลำปาง ร่วมกับภาคีเครือข่าย ร่วมลงนามบันทึกข้อตกลง (MOU) "ราชภัฏลำปางห่วงใย สวมหมวกนิรภัยให้น้อง"', '<p>รองศาสตราจารย์ ดร.สมเกียรติ สายธนู อธิการบดีมหาวิทยาลัยราชภัฏลำปาง เป็นประธานในพิธีลงนามความร่วมมือระหว่างมหาวิทยาลัยราชภัฏลำปาง และโรงเรียนสาธิตมหาวิทยาลัยราชภัฏลำปาง ร่วมกับภาคีเครือข่าย ลงนามบันทึกข้อตกลง (MOU) ว่าด้วยความร่วมมือการดำเนินงานรณรงค์การสวมหมวกนิรภัยเด็ก โรงเรียนสาธิตมหาวิทยาลัยราชภัฏลำปาง แผนกเตรียมอนุบาลและแผนกอนุบาล &quot;ราชภัฏลำปางห่วงใย สวมหมวกนิรภัยให้น้อง&quot; เมื่อวันที่ 1 พฤศจิกายน 2560 ณ ห้องประชุมเวียงละกอน (ชั้น 2) สำนักศิลปะและวัฒนธรรม มหาวิทยาลัยราชภัฏลำปาง โดยมีนายบรรจง สมศรี ผู้อำนวยการกองพัฒนานักศึกษา มหาวิทยาลัยราชภัฏลำปาง กล่าวรายงานวัตถุประสงค์การจัดพิธีลงนามความร่วมมือต่อประธานในพิธี</p>\r\n\r\n<p>การลงนามความร่วมมือดังกล่าวมีวัตถุประสงค์เพื่อสร้างความตระหนักถึงความปลอดภัยในการขับขี่และโดยสารรถจักรยานยนต์แก่ผู้ปกครองและรณรงค์ให้นักเรียนสวมหมวกนิรภัยในการขับขี่โดยสารตลอดจนปลูกจิตสำนักที่ดีในเรื่องวินัยจราจรให้แก่นักเรียนในการใช้รถใช้ถนนอย่างปลอดภัย</p>\r\n', '5339311509523981.jpg', 'event', '2017-11-01 08:13:01', 0, 69),
(30, 'โรงเรียนสาธิตมหาวิทยาลัยราชภัฏลำปาง...จัดกิจกรรมประเพณียี่เป็ง เพื่ออนุรักษ์สืบสานประเพณีวัฒนธรรมไทย', '', '<p><span style="font-size:16px"><span style="font-family:Courier New,Courier,monospace">เมื่อวันที่ ๓ พฤศจิกายน ๒๕๖๐ อาจารย์ประนอม &nbsp; วงศ์หมื่นรัตน์ รองผู้อำนวยการโรงเรียนสาธิตมหาวิทยาลัยราชภัฏลำปาง เป็นประธานในงานประเพณียี่เป็ง ณ บริเวณสนามหญ้าแผนกเตรียมอนุบาล เพื่อเป็นการส่งเสริมและอนุรักษ์ขนบธรรมเนียมประเพณีอันดีงามของไทยต่อไป ทั้งนี้มีนักเรียนแผนกเตรียมอนุบาล และแผนกอนุบาล เข้าร่วมกิจกรรม&nbsp;</span></span></p>\r\n', '293821509937120.jpg', 'event', '2017-11-06 02:58:40', 0, 128),
(35, 'กิจกรรมพัฒนาบุคลากรโรงเรียนสาธิตมหาวิทยาลัยราชภัฏลำปาง ด้านสุนทรียศาสตร์ ', '', '<p><span style="font-size:12.0pt"><span style="font-family:&quot;Angsana New&quot;,&quot;serif&quot;">วันอาทิตย์ที่ ๓ ธันวาคม ๒๕๖๐</span></span>&nbsp;<span style="font-size:12.0pt"><span style="font-family:&quot;Angsana New&quot;,&quot;serif&quot;">คณะครูและบุคลากรโรงเรียนสาธิตมหาวิทยาลัยราชภัฏลำปางเข้าร่วมการอบรมเชิงปฏิบัติการเรื่อง &quot;ศิลปะและการพัฒนาสื่อการจัดการเรียนรู้สำหรับครู&quot; ณ แผนกอนุบาล โรงเรียนสาธิตมหาวิทยาลัยราชภัฏลำปาง ทั้งนี้โรงเรียนสาธิตมหาวิทยาลัยราชภัฏลำปาง ขอขอบคุณผู้ช่วยศาสตราจารย์สมชาย เยี่ยงพฤกษาวัลย์ อาจารย์นันทิยา สมสรวย และ อาจารย์วราภรณ์</span></span>&nbsp; <span style="font-size:12.0pt"><span style="font-family:&quot;Angsana New&quot;,&quot;serif&quot;">ภูมลี อาจารย์ประจำสาขาวิขาศิลปะและการออกแบบ คณะมนุษยศาสตร์และสังคมศาสตร์ มหาวิทยาลัยราชภัฏลำปาง ที่มาเป็นวิทยากรให้ความรู้กับคณะครูและบุคลากรในโรงเรียน จึงขอขอบคุณมา ณ โอกาสนี้</span></span>&nbsp;</p>\r\n', '4731721512375506.jpg', 'event', '2017-12-04 08:18:25', 0, 23),
(38, 'การอบรมสนุกกับหนังสือภาพและสื่อสร้างสรรค์', '', '<p>ในวันเสาร์ที่ ๑๖ ธันวาคม ๒๕๖๐ คณะครูและบุคลากรโรงเรียนสาธิตมหาวิทยาลัยราชภัฏลำปางเข้าร่วมการอบรม ในหัวข้อ &quot;สนุกกับหนังสือภาพและสื่อสร้างสรรค์&quot; จัดขึ้นโดยมูลนิธิเมล็ดฝัน และเครือข่ายส่งเสริมการอ่านจังหวัดลำปาง ณ ห้องสมุดอุทยานการเรียนรู้นครลำปาง</p>\r\n', '1710671513567218.jpg', 'event', '2017-12-18 03:20:18', 0, 20),
(40, 'การเข้าร่วมกิจกรรมนิทรรศการหนังสือนิทานภาพนานาชาติ ณ ห้องสมุดอุทยานการเรียนรู้นครลำปาง', '', '<p>ในวันศุกร์ที่ ๑๕ ธันวาคม ๒๕๖๐ เวลา ๑๔.๐๐ - ๑๖.๐๐ น. โรงเรียนสาธิตมหาวิทยาลัยราชภัฏลำปาง &nbsp; &nbsp; นำนักเรียนระดับชั้นเตรียมอนุบาล ๑-๒ และระดับชั้นอนุบาล ๑-๒ เข้าร่วมกิจกรรมนิทรรศการนิทานภาพนานาชาติ ณ ห้องสมุดอุทยานการเรียนรู้นครลำปาง จัดขึ้นโดย มูลนิธิเมล็ดฝัน และเครือข่ายส่งเสริมการอ่าน จังหวัดลำปาง&nbsp;ภายในนิทรรศการ เด็กๆได้สนุกกับมุมสื่อสร้างสรรค์ ของเล่นทำมือจากวัสดุรอบตัว ฟังนิทานจากนักเล่ามูลนิธิเมล็ดฝัน และอื่นๆอีกมากมาย&nbsp;</p>\r\n', '3982681513568128.jpg', 'event', '2017-12-18 03:35:27', 0, 24),
(41, 'กิจกรรมวันขึ้นปีใหม่ ๒๕๖๑', '', '<p>ในวันที่ ๒๙ ธันวาคม ๒๕๖๐ โรงเรียนสาธิตมหาวิทยาลัยราชภัฏลำปาง จัดกิจกรรมวันขึ้นปีใหม่</p>\r\n\r\n<p>ให้กับนักเรียนแผนกเตรียมอนุบาล และแผนกอนุบาล ภายในงานมีกิจกรรม ร้อง เล่น เต้น การแลกของขวัญ&nbsp;</p>\r\n\r\n<p>และการรับประทานอาหารร่วมกัน ทั้งนี้โรงเรียนสาธิตมหาวิทยาลัยราชภัฏลำปาง ต้องขอขอบพระคุณ</p>\r\n\r\n<p>ผู้ปกครองนักเรียนทุกท่านที่มีส่วนร่วมให้กิจกรรมลุล่วงผ่านไปด้วยดี จึงขอขอบพระคุณ มา ณ ที่นี้&nbsp;</p>\r\n', '548171514958732.jpg', 'event', '2018-01-03 05:52:11', 0, 5);

-- --------------------------------------------------------

--
-- Table structure for table `news_image_gallery`
--

CREATE TABLE IF NOT EXISTS `news_image_gallery` (
  `nig_id` int(11) NOT NULL AUTO_INCREMENT,
  `file_name` varchar(100) COLLATE utf8_unicode_ci NOT NULL,
  `news_id` int(11) NOT NULL,
  PRIMARY KEY (`nig_id`)
) ENGINE=InnoDB  DEFAULT CHARSET=utf8 COLLATE=utf8_unicode_ci AUTO_INCREMENT=453 ;

--
-- Dumping data for table `news_image_gallery`
--

INSERT INTO `news_image_gallery` (`nig_id`, `file_name`, `news_id`) VALUES
(128, '4461681509439413.jpg', 16),
(129, '5133161509439413.jpg', 16),
(130, '8090641509439413.jpg', 16),
(131, '2980011509439413.jpg', 16),
(132, '7020521509439413.jpg', 16),
(133, '2881651509439413.jpg', 16),
(134, '1727991509439414.jpg', 16),
(135, '6379281509439414.jpg', 16),
(136, '197061509439414.jpg', 16),
(137, '442931509439414.jpg', 16),
(138, '4383061509439414.jpg', 16),
(139, '6042111509439414.jpg', 16),
(140, '193981509439414.jpg', 16),
(141, '4487291509439414.jpg', 16),
(142, '3683521509439414.jpg', 16),
(143, '9503881509439414.jpg', 16),
(144, '2653501509439414.jpg', 16),
(145, '6725151509439414.jpg', 16),
(146, '30291509439414.jpg', 16),
(147, '1581171509439574.jpg', 17),
(148, '4671681509439574.jpg', 17),
(149, '2666231509439574.jpg', 17),
(150, '3756351509439574.jpg', 17),
(151, '9669451509439575.jpg', 17),
(152, '1571991509439632.jpg', 18),
(153, '8286061509439633.jpg', 18),
(154, '8502661509439633.jpg', 18),
(155, '2878551509439633.jpg', 18),
(156, '1458521509439633.jpg', 18),
(157, '7175711509439687.jpg', 19),
(158, '8554451509439687.jpg', 19),
(159, '3575361509439688.jpg', 19),
(160, '8821271509439688.jpg', 19),
(161, '6127841509439688.jpg', 19),
(162, '5994721509439688.jpg', 19),
(163, '9621631509439688.jpg', 19),
(164, '1893361509439688.jpg', 19),
(165, '5708061509439688.jpg', 19),
(166, '9997561509439688.jpg', 19),
(167, '4349881509439688.jpg', 19),
(168, '7397891509439689.jpg', 19),
(169, '9478761509439689.jpg', 19),
(170, '5300411509439689.jpg', 19),
(171, '9511831509439689.jpg', 19),
(172, '1747431509439803.jpg', 20),
(173, '3431901509439803.jpg', 20),
(174, '8818231509439803.jpg', 20),
(175, '5871761509439803.jpg', 20),
(176, '3551691509439803.jpg', 20),
(177, '2978891509439804.jpg', 20),
(178, '8003881509439804.jpg', 20),
(179, '4692081509439804.jpg', 20),
(180, '5722311509439804.jpg', 20),
(181, '995591509439804.jpg', 20),
(182, '2590841509439804.jpg', 20),
(183, '6528231509439804.jpg', 20),
(184, '9695561509439805.jpg', 20),
(185, '5182641509439919.jpg', 21),
(186, '6822561509439919.jpg', 21),
(187, '820131509439919.jpg', 21),
(188, '7327731509439919.jpg', 21),
(189, '1045421509439919.jpg', 21),
(190, '8849771509439920.jpg', 21),
(191, '7068401509439920.jpg', 21),
(192, '5041461509439920.jpg', 21),
(193, '6779301509439920.jpg', 21),
(194, '6170831509439920.jpg', 21),
(195, '1549841509439920.jpg', 21),
(196, '6433981509439921.jpg', 21),
(197, '1186411509440256.jpg', 22),
(198, '1178141509440257.jpg', 22),
(199, '2138721509440257.jpg', 22),
(200, '6430111509440257.jpg', 22),
(201, '2958451509440257.jpg', 22),
(202, '8664121509440257.jpg', 22),
(203, '9249251509440257.jpg', 22),
(204, '8116371509440257.jpg', 22),
(205, '1509081509440257.jpg', 22),
(206, '5133371509440257.jpg', 22),
(207, '4374391509440258.jpg', 22),
(208, '2791011509440258.jpg', 22),
(209, '1202831509440258.jpg', 22),
(210, '1264991509440258.jpg', 22),
(211, '2690801509440258.jpg', 22),
(212, '2695541509440408.jpg', 23),
(213, '7758561509440408.jpg', 23),
(214, '4301281509440408.jpg', 23),
(215, '4495401509440408.jpg', 23),
(216, '6695791509440408.jpg', 23),
(217, '4041311509440408.jpg', 23),
(218, '2524461509440408.jpg', 23),
(219, '7851531509440408.jpg', 23),
(220, '8523521509440408.jpg', 23),
(221, '3805731509440408.jpg', 23),
(222, '6427081509440408.jpg', 23),
(223, '9930691509440408.jpg', 23),
(224, '9616421509440409.jpg', 23),
(225, '8663771509440457.jpg', 24),
(226, '2467971509440457.jpg', 24),
(227, '1957621509440457.jpg', 24),
(228, '6273951509440457.jpg', 24),
(229, '9551371509440497.jpg', 25),
(230, '2863901509440497.jpg', 25),
(231, '3692841509440497.jpg', 25),
(232, '7393171509440497.jpg', 25),
(233, '3154191509440497.jpg', 25),
(234, '6355061509440497.jpg', 25),
(235, '7999581509440497.jpg', 25),
(236, '1654671509440497.jpg', 25),
(237, '1718061509440497.jpg', 25),
(238, '7834801509440497.jpg', 25),
(239, '1532881509440497.jpg', 25),
(240, '2488431509440497.jpg', 25),
(241, '7671201509440497.jpg', 25),
(242, '7459011509440497.jpg', 25),
(243, '2576251509440498.jpg', 25),
(244, '4896651509440498.jpg', 25),
(245, '6000351509440498.jpg', 25),
(246, '7256191509440498.jpg', 25),
(247, '4259991509440498.jpg', 25),
(248, '3620321509440646.jpg', 26),
(249, '7184551509440646.jpg', 26),
(250, '720831509440646.jpg', 26),
(251, '1891931509440646.jpg', 26),
(252, '6234591509440646.jpg', 26),
(253, '7041401509440646.jpg', 26),
(254, '2364531509440646.jpg', 26),
(255, '8371381509440646.jpg', 26),
(256, '8778581509440646.jpg', 26),
(257, '7003561509440646.jpg', 26),
(258, '2350701509440646.jpg', 26),
(259, '9108321509440647.jpg', 26),
(260, '440871509440647.jpg', 26),
(261, '3456971509440647.jpg', 26),
(262, '7336251509440647.jpg', 26),
(263, '8688211509440647.jpg', 26),
(264, '2461281509440836.jpg', 27),
(265, '2759281509440836.jpg', 27),
(266, '3629061509440836.jpg', 27),
(267, '5701041509440837.jpg', 27),
(268, '2076761509440837.jpg', 27),
(269, '9295581509440837.jpg', 27),
(270, '3158821509440837.jpg', 27),
(271, '3488961509440837.jpg', 27),
(272, '169411509440837.jpg', 27),
(273, '2805181509440837.jpg', 27),
(274, '8595111509440837.jpg', 27),
(275, '5982321509440838.jpg', 27),
(276, '4260531509440838.jpg', 27),
(277, '9425011509440838.jpg', 27),
(278, '7636791509440838.jpg', 27),
(279, '6339151509440838.jpg', 27),
(280, '8326811509440838.jpg', 27),
(281, '2908261509440838.jpg', 27),
(282, '9449881509440838.jpg', 27),
(283, '2723771509440939.jpg', 28),
(284, '3981831509440939.jpg', 28),
(285, '6278621509440939.jpg', 28),
(286, '714461509440940.jpg', 28),
(287, '6074101509440940.jpg', 28),
(288, '8922541509440940.jpg', 28),
(289, '3135111509440940.jpg', 28),
(290, '4667731509440940.jpg', 28),
(291, '4825421509440940.jpg', 28),
(292, '9689001509440940.jpg', 28),
(293, '1326961509440940.jpg', 28),
(294, '2417471509440940.jpg', 28),
(295, '5901181509440940.jpg', 28),
(296, '8839811509440940.jpg', 28),
(297, '9997251509440940.jpg', 28),
(298, '4510321509440940.jpg', 28),
(299, '7098091509440940.jpg', 28),
(300, '9245901509440940.jpg', 28),
(301, '6356951509440940.jpg', 28),
(302, '22111509523981.jpg', 29),
(303, '8489811509523981.jpg', 29),
(304, '1821501509523982.jpg', 29),
(305, '4721051509523982.jpg', 29),
(306, '1692241509523982.jpg', 29),
(307, '3653111509523982.jpg', 29),
(308, '4107161509523982.jpg', 29),
(309, '6627191509523982.jpg', 29),
(310, '633451509523982.jpg', 29),
(311, '9206941509523983.jpg', 29),
(312, '3044591509523983.jpg', 29),
(313, '6550731509523983.jpg', 29),
(314, '3239201509523983.jpg', 29),
(315, '1517601509523983.jpg', 29),
(316, '901031509523983.jpg', 29),
(317, '2486061509523983.jpg', 29),
(318, '1490221509937121.jpg', 30),
(319, '3908841509937121.jpg', 30),
(320, '7553631509937121.jpg', 30),
(321, '6263731509937121.jpg', 30),
(322, '768181509937121.jpg', 30),
(323, '2565421509937121.jpg', 30),
(324, '9821491509937121.jpg', 30),
(325, '7743461509937121.jpg', 30),
(326, '1191411509937121.jpg', 30),
(327, '1551181509937121.jpg', 30),
(328, '8268351509937121.jpg', 30),
(329, '1276461509937122.jpg', 30),
(330, '3727211509937122.jpg', 30),
(331, '1837111509937122.jpg', 30),
(332, '1763031509937122.jpg', 30),
(333, '7274631509937122.jpg', 30),
(334, '6834421509937122.jpg', 30),
(335, '8021881509937123.jpg', 30),
(336, '2239961509937123.jpg', 30),
(388, '9515761512375506.jpg', 35),
(389, '8393791512375506.jpg', 35),
(390, '5484971512375506.jpg', 35),
(391, '7935631512375507.jpg', 35),
(392, '9142721512375507.jpg', 35),
(393, '1000781512375507.jpg', 35),
(394, '5191951512375507.jpg', 35),
(395, '2223631512375507.jpg', 35),
(396, '4311861512375507.jpg', 35),
(397, '3853221512375508.jpg', 35),
(398, '1685991512375508.jpg', 35),
(399, '9751591512375508.jpg', 35),
(400, '3432801512375508.jpg', 35),
(421, '6760071513567359.jpg', 38),
(422, '9855621513567359.jpg', 38),
(423, '3967701513567359.jpg', 38),
(424, '253791513567359.jpg', 38),
(425, '3389301513567359.jpg', 38),
(426, '9915871513567360.jpg', 38),
(427, '2707401513567360.jpg', 38),
(428, '8574661513568128.jpg', 40),
(429, '3881281513568128.jpg', 40),
(430, '5511931513568128.jpg', 40),
(431, '961431513568128.jpg', 40),
(432, '3475291513568128.jpg', 40),
(433, '4734741513568128.jpg', 40),
(434, '6930291513568128.jpg', 40),
(435, '52181513568128.jpg', 40),
(436, '831841513568129.jpg', 40),
(437, '3091513568129.jpg', 40),
(438, '4158101513568129.jpg', 40),
(439, '1210131514958732.jpg', 41),
(440, '5601861514958732.jpg', 41),
(441, '3264081514958732.jpg', 41),
(442, '8583431514958732.jpg', 41),
(443, '4029981514958732.jpg', 41),
(444, '5269661514958733.jpg', 41),
(445, '886221514958733.jpg', 41),
(446, '893641514958733.jpg', 41),
(447, '3219491514958733.jpg', 41),
(448, '1619491514958733.jpg', 41),
(449, '1164581514958733.jpg', 41),
(450, '8048881514958734.jpg', 41),
(451, '7846611514958734.jpg', 41),
(452, '1823471514958734.jpg', 41);

-- --------------------------------------------------------

--
-- Table structure for table `publicnews`
--

CREATE TABLE IF NOT EXISTS `publicnews` (
  `news_id` int(11) NOT NULL AUTO_INCREMENT,
  `news_title` varchar(255) CHARACTER SET utf8 COLLATE utf8_unicode_ci NOT NULL,
  `news_detail` text CHARACTER SET utf8 COLLATE utf8_unicode_ci NOT NULL,
  `news_date` date NOT NULL,
  `view` int(11) NOT NULL DEFAULT '1',
  PRIMARY KEY (`news_id`)
) ENGINE=InnoDB  DEFAULT CHARSET=latin1 AUTO_INCREMENT=14 ;

--
-- Dumping data for table `publicnews`
--

INSERT INTO `publicnews` (`news_id`, `news_title`, `news_detail`, `news_date`, `view`) VALUES
(5, 'ประกาศรับนักเรียนใหม่ ระดับชั้นอนุบาล 1 และมัธยมศึกษาชั้นปีที่ 4 ปีการศึกษา 2560', '<h3>ผู้ที่สนใจสามารถขอรับ และยื่นใบสมัครได้ที่ห้องศูนย์ฝึกประสบการณ์ฯ&nbsp;อาคาร 1 ชั้น 1&nbsp;คณะครุศาสตร์&nbsp;<br />\r\nตั้งแต่วันที่&nbsp;<strong>26 ธันวาคม 2559 - 24 กุมภาพันธ์ 2560 น.</strong>&nbsp;ภาคเช้าเวลา&nbsp;<strong>9.00 - 12.00</strong>&nbsp;น.&nbsp;<br />\r\nและภาคบ่าย เวลา&nbsp;<strong>13.00 - 16.30</strong>&nbsp;น. (หยุดวันเสาร์ - อาทิตย์ และวันนักขัตฤกษ์)&nbsp;<br />\r\nหมายเลขโทรศัพท์ และ โทรสาร (fax)&nbsp;054-241229&nbsp;<br />\r\n<br />\r\n1.ค่าใบสมัครระดับชั้นอนุบาลปีที่ 1&nbsp;ชุดละ 100 บาท และค่าสมัครเข้าเรียนคนละ 200 บาท รวม 300 บาท&nbsp;<br />\r\n2.ค่าใบสมัครระดับชั้นมัธยมศึกษาปีที่ 4 ชุดละ 200 บาท และค่าสมัครเข้าเรียนคนละ 200 บาท รวม 400 บาท</h3>\r\n\r\n<p><strong>หลักฐานการสมัครระดับชั้นอนุบาล (ให้นำฉบับจริงมาด้วยทุกฉบับ)</strong></p>\r\n\r\n<table border="1" cellpadding="1" cellspacing="1" style="width:500px">\r\n	<tbody>\r\n		<tr>\r\n			<td>1.สำเนาสูติบัตรนักเรียน</td>\r\n			<td>จำนวน 1 ฉบับ</td>\r\n		</tr>\r\n		<tr>\r\n			<td>2.สำเนาทะเบียนบ้าน (ที่ระบุชื่อนักเรียน)</td>\r\n			<td>จำนวน 1 ฉบับ</td>\r\n		</tr>\r\n		<tr>\r\n			<td>3.สำเนาทะเบียนบ้าน บิดา</td>\r\n			<td>จำนวน 1 ฉบับ</td>\r\n		</tr>\r\n		<tr>\r\n			<td>4.สำเนาทะเบียนบ้าน มารดา</td>\r\n			<td>จำนวน 1 ฉบับ</td>\r\n		</tr>\r\n		<tr>\r\n			<td>5.สำเนาบัตรประจำตัวประชาชน บิดา</td>\r\n			<td>จำนวน 1 ฉบับ</td>\r\n		</tr>\r\n		<tr>\r\n			<td>6.สำเนาบัตรประจำตัวประชาชน มารดา</td>\r\n			<td>จำนวน 1 ฉบับ</td>\r\n		</tr>\r\n		<tr>\r\n			<td>7.สำเนาสมุดบันทึกสุขภาพแม่และเด็กจากโรงพยาบาล</td>\r\n			<td>จำนวน 1 ฉบับ</td>\r\n		</tr>\r\n		<tr>\r\n			<td>8.อื่นๆ (ถ้ามี)</td>\r\n			<td>จำนวน 1 ฉบับ</td>\r\n		</tr>\r\n	</tbody>\r\n</table>\r\n\r\n<p><strong>หลักฐานการสมัครระดับมัธยมศึกษา ชั้นปีที่ 4 (ให้นำฉบับจริงมาด้วยทุกฉบับ)</strong></p>\r\n\r\n<table border="1" cellpadding="1" cellspacing="1" style="width:500px">\r\n	<tbody>\r\n		<tr>\r\n			<td>1.สำเนาบัตรประจำตัวประชาชน</td>\r\n			<td>จำนวน 1 ฉบับ</td>\r\n		</tr>\r\n		<tr>\r\n			<td>2.สำเนาทะเบียนบ้าน (ที่ระบุชื่อนักเรียน)</td>\r\n			<td>จำนวน 1 ฉบับ</td>\r\n		</tr>\r\n		<tr>\r\n			<td>3.สำเนาทะเบียนบ้าน บิดา</td>\r\n			<td>จำนวน 1 ฉบับ</td>\r\n		</tr>\r\n		<tr>\r\n			<td>4.สำเนาทะเบียนบ้าน มารดา</td>\r\n			<td>จำนวน 1 ฉบับ</td>\r\n		</tr>\r\n		<tr>\r\n			<td>5.สำเนาบัตรประจำตัวประชาชน บิดา</td>\r\n			<td>จำนวน 1 ฉบับ</td>\r\n		</tr>\r\n		<tr>\r\n			<td>6.สำเนาบัตรประจำตัวประชาชน มารดา</td>\r\n			<td>จำนวน 1 ฉบับ</td>\r\n		</tr>\r\n		<tr>\r\n			<td>7.สำเนาหลักฐานการสำเร็จการศึกษาระดับชั้นมัธยมศึกษาตอนต้น</td>\r\n			<td>จำนวน 1 ฉบับ</td>\r\n		</tr>\r\n		<tr>\r\n			<td>8.อื่นๆ (ถ้ามี)</td>\r\n			<td>จำนวน 1 ฉบับ</td>\r\n		</tr>\r\n	</tbody>\r\n</table>\r\n\r\n<p><strong>*กรุณาเตรียมหลักฐานการสมัครให้ครบถ้วนในวันยื่นใบสมัคร</strong></p>\r\n', '2017-10-20', 114),
(6, 'ประกาศโรงเรียนสาธิตมหาวิทยาลัยราชภัฏลำปาง เรื่อง การรับสมัครนักเรียน ระดับชั้นอนุบาล ๑ และมัธยมศึกษาปีที่ ๔', '<h1>ประกาศโรงเรียนสาธิตมหาวิทยาลัยราชภัฏลำปาง เรื่อง การรับสมัครนักเรียน ระดับชั้นอนุบาล ๑ และมัธยมศึกษาปีที่ ๔</h1>\r\n', '2017-10-20', 52),
(7, 'ประกาศโรงเรียนสาธิตมหาวิทยาลัยราชภัฏลำปาง เรื่อง การรับสมัครนักเรียน ระดับชั้นอนุบาล ๑ และอนุบาล ๒ (เพิ่มเติม)', '<h1>ประกาศโรงเรียนสาธิตมหาวิทยาลัยราชภัฏลำปาง เรื่อง การรับสมัครนักเรียน ระดับชั้นอนุบาล ๑ และอนุบาล ๒ (เพิ่มเติม)</h1>\r\n', '2017-10-30', 55),
(8, 'ประกาศผลการสอบสัมภาษณ์ผู้ปกครองและนักเรียน ระดับอนุบาล ๒ และระดับชั้นอนุบาล ๒ โรงเรียนสาธิตมหาวิทยาลัยราชภัฏลำปาง', '<h1>ประกาศผลการสอบสัมภาษณ์ผู้ปกครองและนักเรียน ระดับอนุบาล ๒ และระดับชั้นอนุบาล ๒ โรงเรียนสาธิตมหาวิทยาลัยราชภัฏลำปาง</h1>\r\n', '2017-10-30', 62),
(9, 'กำหนดการปฐมนิเทศผู้ปกครองนักเรียนระดับอนุบาลประกาศผลการสอบสัมภาษณ์ผู้ปกครองและนักเรียน ระดับอนุบาล ๒ และระดับชั้นอนุบาล ๒ โรงเรียนสาธิตมหาวิทยาลัยราชภัฏลำปาง (เพิ่มเติม)', '<h1 style="text-align:center">กำหนดการปฐมนิเทศผู้ปกครองนักเรียน</h1>\r\n\r\n<h1 style="text-align:center">ระดับอนุบาลประกาศผลการสอบสัมภาษณ์ผู้ปกครอง</h1>\r\n\r\n<h1 style="text-align:center">และนักเรียน ระดับอนุบาล ๒ และระดับชั้นอนุบาล ๒</h1>\r\n\r\n<h1 style="text-align:center">โรงเรียนสาธิตมหาวิทยาลัยราชภัฏลำปาง (เพิ่มเติม)</h1>\r\n', '2017-10-30', 39),
(10, 'ประกาศ ผลการคัดเลือก ผู้ทรงคุณวุฒิภายนอกของโรงเรียนสาธิตมหาวิทยาลัยราชภัฏลำปาง', '<h1 style="text-align:center"><span style="color:#1abc9c"><samp>ประกาศมหาวิทยาลัยราชภัฏลำปาง<br />\r\nเรื่อง&nbsp;ผลการคัดเลือกกรรมการอำนวยการผู้ทรงคุณวุฒิภายนอกของโรงเรียนสาธิตมหาวิทยาลัยราชภัฏลำปาง&nbsp;</samp></span></h1>\r\n', '2017-10-30', 111),
(11, 'ประกาศ อัตราและข้อกำหนดเกี่ยวกับการชำระค่าธรรมเนียม ค่าบำรุง และค่าใช้จ่ายอื่นๆ พ.ศ. ๒๕๕๙', '<p>ประกาศโรงเรียนสาธิตมหาวิทยาลัยราชภัฏลำปาง&nbsp;เรื่อง อัตราและข้อกำหนดเกี่ยวกับการชำระค่าธรรมเนียม ค่าบำรุง และค่าใช้จ่ายอื่นๆ ของโรงเรียนสาธิตมหาวิทยาลัยราชภัฏลำปาง พ.ศ. ๒๕๕๙</p>\r\n', '2017-11-03', 169),
(12, 'ประกาศรับสมัครนักเรียนโรงเรียนสาธิตมหาวิทยาลัยราชภัฏลำปาง ปีการศึกษา ๒๕๖๑', '<h3 style="margin-left:0cm; margin-right:0cm; text-align:justify"><span style="font-family:Courier New,Courier,monospace"><span style="font-size:18px">&nbsp; &nbsp; &nbsp;โรงเรียนสาธิตมหาวิทยาลัยราชภัฏลำปาง กำหนดรับนักเรียน เข้าศึกษาในระดับก่อนประถมศึกษาแผนกเตรียมอนุบาล และแผนกอนุบาล ประจำปีการศึกษา ๒๕๖๑&nbsp;</span></span></h3>\r\n\r\n<h3 style="margin-left:0cm; margin-right:0cm; text-align:justify"><span style="font-family:Courier New,Courier,monospace"><span style="font-size:18px"><strong>ระดับชั้นที่เปิดรับสมัคร</strong></span></span></h3>\r\n\r\n<h3 style="margin-left:0cm; margin-right:0cm; text-align:justify"><span style="font-family:Courier New,Courier,monospace"><span style="font-size:18px"><strong>๑.๑ <u>แผนกเตรียมอนุบาล</u></strong></span></span></h3>\r\n\r\n<h3 style="margin-left:0cm; margin-right:0cm; text-align:justify"><span style="font-family:Courier New,Courier,monospace"><span style="font-size:18px">&nbsp; &nbsp; รับสมัครนักเรียนที่มีอายุตั้งแต่ ๑ ปี ๓ เดือน ขึ้นไป โดยการส่งเสริมให้เด็กเตรียมอนุบาลได้รับการพัฒนาด้านร่างกาย&nbsp; อารมณ์&nbsp; สังคม&nbsp; และสติปัญญา&nbsp; เพื่อให้มีความพร้อมในการศึกษาต่อในระดับอนุบาลต่อไป</span></span></h3>\r\n\r\n<p>&nbsp;&nbsp; &nbsp; &nbsp; &nbsp; &nbsp; &nbsp;<span style="font-family:Courier New,Courier,monospace"><span style="font-size:18px">รับสมัครทั้งปี<strong> </strong>เวลา&nbsp; ๐๘.๓๐-๑๖.๓๐&nbsp; น. เว้นวันหยุดราชการ&nbsp; </span></span></p>\r\n\r\n<h3 style="margin-left:0cm; margin-right:0cm; text-align:justify"><span style="font-family:Courier New,Courier,monospace"><span style="font-size:18px">&nbsp; &nbsp; &nbsp; &nbsp; &nbsp; &nbsp; &nbsp; ณ โรงเรียนสาธิตมหาวิทยาลัยราชภัฏลำปาง</span></span></h3>\r\n\r\n<h3 style="margin-left:0cm; margin-right:0cm; text-align:justify"><span style="font-family:Courier New,Courier,monospace"><span style="font-size:18px"><strong>๑.๒ <u>แผนกอนุบาล</u> </strong>รับสมัครนักเรียน</span></span></h3>\r\n\r\n<h3 style="margin-left:0cm; margin-right:0cm; text-align:justify"><span style="font-family:Courier New,Courier,monospace"><span style="font-size:18px"><strong>&nbsp; &nbsp; ระดับชั้นอนุบาล ๑</strong>&nbsp;&nbsp;&nbsp; อายุระหว่าง ๓ &ndash; ๔ ขวบ &nbsp;อายุครบ ๓ &nbsp;ปีบริบูรณ์ นับถึงวันที่ ๑๖ พฤษภาคม ในปีการศึกษาที่เข้าเรียน</span></span></h3>\r\n\r\n<h3 style="margin-left:0cm; margin-right:0cm; text-align:justify"><span style="font-family:Courier New,Courier,monospace"><span style="font-size:18px"><strong>&nbsp; &nbsp; &nbsp;ระดับชั้นอนุบาล ๒&nbsp;</strong>&nbsp;&nbsp; อายุระหว่าง ๔ &ndash; ๕ ขวบ</span></span></h3>\r\n\r\n<h3 style="margin-left:0cm; margin-right:0cm; text-align:justify"><span style="font-family:Courier New,Courier,monospace"><span style="font-size:18px"><strong>&nbsp; &nbsp; &nbsp;ระดับชั้นอนุบาล ๓</strong>&nbsp;&nbsp;&nbsp; อายุระหว่าง ๕ &ndash; ๖ ขวบ</span></span></h3>\r\n\r\n<h3 style="margin-left:0cm; margin-right:0cm; text-align:justify"><span style="font-family:Courier New,Courier,monospace"><span style="font-size:18px">โดยต้องผ่านการประเมิน ดังนี้</span></span></h3>\r\n\r\n<h3 style="margin-left:0cm; margin-right:0cm; text-align:justify"><span style="font-family:Courier New,Courier,monospace"><span style="font-size:18px">&nbsp; &nbsp; &nbsp;๑.๒.๑ การประเมินผู้เรียน</span></span></h3>\r\n\r\n<h3 style="margin-left:0cm; margin-right:0cm; text-align:justify"><span style="font-family:Courier New,Courier,monospace"><span style="font-size:18px">&nbsp; &nbsp; &nbsp; &nbsp; &nbsp;จะทำการประเมินความพร้อมของผู้เรียนด้านร่างกาย อารมณ์ สังคม และสติปัญญา ตามระดับการเรียนรู้ (ไม่มีการประเมินการอ่าน-เขียน)</span></span></h3>\r\n\r\n<h3 style="margin-left:0cm; margin-right:0cm; text-align:justify"><span style="font-family:Courier New,Courier,monospace"><span style="font-size:18px">&nbsp; &nbsp; &nbsp;๑.๒.๒ การสัมภาษณ์ผู้ปกครอง </span></span></h3>\r\n\r\n<h3 style="margin-left:0cm; margin-right:0cm; text-align:justify"><span style="font-family:Courier New,Courier,monospace"><span style="font-size:18px">&nbsp; &nbsp; &nbsp; &nbsp; &nbsp;จะทำการสัมภาษณ์ผู้ปกครอง ด้านการอบรมเลี้ยงดูนักเรียน และด้านประวัติสุขภาพของนักเรียน</span></span></h3>\r\n\r\n<h3 style="margin-left:0cm; margin-right:0cm; text-align:justify">&nbsp; &nbsp; &nbsp; &nbsp; &nbsp; <span style="font-family:Courier New,Courier,monospace"><span style="font-size:18px">กำหนดการรับสมัคร</span></span></h3>\r\n\r\n<h3 style="margin-left:0cm; margin-right:0cm; text-align:justify"><span style="font-family:Courier New,Courier,monospace"><span style="font-size:18px">&nbsp;&nbsp;&nbsp;&nbsp;<strong><u>รอบที่ ๑ รับสมัคร</u></strong>&nbsp; วันที่&nbsp;&nbsp; ๖&nbsp; พฤศจิกายน&nbsp; ถึง&nbsp;&nbsp; ๒๙&nbsp;&nbsp; ธันวาคม&nbsp;&nbsp; ๒๕๖๐ เวลา ๐๘.๓๐-๑๖.๓๐ น. เว้นวันหยุดราชการ </span></span><span style="font-family:Courier New,Courier,monospace"><span style="font-size:18px">ณ โรงเรียนสาธิตมหาวิทยาลัยราชภัฏลำปาง</span></span></h3>\r\n\r\n<h3 style="margin-left:0cm; margin-right:0cm; text-align:justify"><span style="font-family:Courier New,Courier,monospace"><span style="font-size:18px">&nbsp;&nbsp;&nbsp;</span></span><span style="font-family:Courier New,Courier,monospace"><span style="font-size:18px"><strong><u>รอบที่ ๒ รับสมัคร</u></strong>&nbsp; วันที่&nbsp; ๑&nbsp; กุมภาพันธ์&nbsp; ถึง&nbsp; ๖ &nbsp;เมษายน ๒๕๖๑ &nbsp; เวลา ๐๘.๓๐-๑๖.๓๐ น. เว้นวันหยุดราชการ </span></span><span style="font-family:Courier New,Courier,monospace"><span style="font-size:18px">ณ โรงเรียนสาธิตมหาวิทยาลัยราชภัฏลำปาง</span></span></h3>\r\n\r\n<h3 style="margin-left:0cm; margin-right:0cm; text-align:justify"><span style="font-family:Courier New,Courier,monospace"><span style="font-size:18px">&nbsp;&nbsp;&nbsp;&nbsp;&nbsp;&nbsp;&nbsp;&nbsp;&nbsp;&nbsp;&nbsp;&nbsp;&nbsp;&nbsp;&nbsp; &nbsp;&nbsp;&nbsp;&nbsp;&nbsp;&nbsp;&nbsp;&nbsp;&nbsp;&nbsp;&nbsp;&nbsp;&nbsp;&nbsp;&nbsp;&nbsp;&nbsp;&nbsp;&nbsp;&nbsp;&nbsp;&nbsp;&nbsp;&nbsp;&nbsp;&nbsp;&nbsp;&nbsp;&nbsp;&nbsp;&nbsp; </span></span><span style="font-family:Courier New,Courier,monospace"><span style="font-size:18px"> </span></span></h3>\r\n', '2017-11-03', 257),
(13, 'ประกาศรายชื่อนักเรียนที่มีสิทธิเข้ารับการสัมภาษณ์และประเมินพัฒนาการ ประจำปีการศึกษา ๒๕๖๑ (รอบที่ ๑)', '<p><span style="color:#2980b9"><strong>ประกาศรายชื่อนักเรียนที่มีสิทธิเข้ารับการสัมภาษณ์และประเมินพัฒนาการ ประจำปีการศึกษา ๒๕๖๑ (รอบที่ ๑)</strong></span></p>\r\n\r\n<p><span style="color:#2980b9"><strong>ให้นักเรียนและผู้ปกครองที่มีรายชื่อ (เอกสารดังแนบ) เข้ารับการสัมภาษณ์และประเมินพัฒนาการ</strong></span></p>\r\n\r\n<p><span style="color:#2980b9"><strong>ในวันพุธที่ ๑๐ มกราคม ๒๕๖๑ เวลา ๐๙.๓๐ น. เป็นต้นไป ณ แผนกอนุบาล โรงเรียนสาธิตมหาวิทยาลัยราชภัฏลำปาง</strong></span></p>\r\n', '2018-01-03', 7);

-- --------------------------------------------------------

--
-- Table structure for table `publicnews_file`
--

CREATE TABLE IF NOT EXISTS `publicnews_file` (
  `file_id` int(11) NOT NULL AUTO_INCREMENT,
  `filename` varchar(255) CHARACTER SET utf8 COLLATE utf8_unicode_ci NOT NULL,
  `filename_path` varchar(255) CHARACTER SET utf8 COLLATE utf8_unicode_ci NOT NULL,
  `news_id` int(11) NOT NULL,
  PRIMARY KEY (`file_id`)
) ENGINE=InnoDB  DEFAULT CHARSET=latin1 AUTO_INCREMENT=28 ;

--
-- Dumping data for table `publicnews_file`
--

INSERT INTO `publicnews_file` (`file_id`, `filename`, `filename_path`, `news_id`) VALUES
(22, '2016122301.pdf', '463151509373263.pdf', 5),
(23, '2016122302.pdf', '735211509373263.pdf', 5),
(24, 'ประกาศ ผลการคัดเลือก ผู้ทรงคุณวุฒิภายนอก.pdf', '415261509423175.pdf', 10),
(25, 'ประกาศโรงเรียนสาธิตฯ เรื่องอัตราและข้อกำหนดเกี่ยวกับการชำระค่าธรรมเนียม ค่าบำรุง และค่าใช้จ่ายอื่นๆ ของโรงเรียนสาธิตฯ พ.ศ.๒๕๕๙.pdf', '86521509681510.pdf', 11),
(26, 'ประกาศรับสมัครนักเรียนโรงเรียนสาธิตมหาวิทยาลัยราชภัฏลำปาง ปีการศึกษา ๒๕๖๑.pdf', '390421509693072.pdf', 12),
(27, 'ประกาศรายชื่อนักเรียนเข้ารับการสัมภาษณ์และประเมินพัฒนาการ.pdf', '635781514957531.pdf', 13);

-- --------------------------------------------------------

--
-- Table structure for table `slide`
--

CREATE TABLE IF NOT EXISTS `slide` (
  `img_id` int(11) NOT NULL AUTO_INCREMENT,
  `file` varchar(255) NOT NULL,
  PRIMARY KEY (`img_id`)
) ENGINE=InnoDB  DEFAULT CHARSET=latin1 AUTO_INCREMENT=26 ;

--
-- Dumping data for table `slide`
--

INSERT INTO `slide` (`img_id`, `file`) VALUES
(7, '1343261509355942.jpg'),
(8, '5575531509355942.jpg'),
(9, '7832241509355942.jpg'),
(10, '2844531509355942.jpg'),
(12, '1016711509374635.jpg'),
(13, '3464301509374635.jpg'),
(14, '5963841509374636.jpg'),
(15, '2405301509437811.jpg'),
(16, '6364091509511390.jpg'),
(25, '7937641510286766.jpg');

-- --------------------------------------------------------

--
-- Table structure for table `user`
--

CREATE TABLE IF NOT EXISTS `user` (
  `user_id` int(11) NOT NULL AUTO_INCREMENT,
  `username` varchar(20) COLLATE utf8_unicode_ci NOT NULL,
  `password` varchar(20) COLLATE utf8_unicode_ci NOT NULL,
  `name` varchar(255) COLLATE utf8_unicode_ci NOT NULL,
  `dateadd` timestamp NOT NULL DEFAULT CURRENT_TIMESTAMP,
  PRIMARY KEY (`user_id`)
) ENGINE=InnoDB  DEFAULT CHARSET=utf8 COLLATE=utf8_unicode_ci AUTO_INCREMENT=3 ;

--
-- Dumping data for table `user`
--

INSERT INTO `user` (`user_id`, `username`, `password`, `name`, `dateadd`) VALUES
(2, 'admin', '1234', 'administrator', '2017-11-01 17:00:00');

/*!40101 SET CHARACTER_SET_CLIENT=@OLD_CHARACTER_SET_CLIENT */;
/*!40101 SET CHARACTER_SET_RESULTS=@OLD_CHARACTER_SET_RESULTS */;
/*!40101 SET COLLATION_CONNECTION=@OLD_COLLATION_CONNECTION */;
